LONG / CV,E,P,GN,BIO,A,HOU
2015,0,0,0,0,0,0
2016,0,0,0,0,0,0
2017,0,0,0,0,0,0
2018,0,0,0,0,0,0
2019,0,0,0,0,0,0
2020,0,0,0,0,0,0
2021,0,0,0,0,0,0
2022,0,0,0,0,0,0
2023,0,0,0,0,0,0
2024,0,0,0,0,0,0
2025,0,0,0,0,0,0
2026,0,0,0,0,0,0
2027,0,0,0,0,0,0
2028,0,0,0,0,0,0
2029,0,0,0,0,0,0
2030,0,0,0,0,0,0
2031,0,0,0,0,0,0
2032,0,0,0,0,0,0
2033,0,0,0,0,0,0
2034,0,0,0,0,0,0
2035,0,0,0,0,0,0
BF,E,P,GN,BIO,A,HOU
2015,0,0,0,0,0,93106.1
2016,0,0,0,0,0,93106.1
2017,0,0,0,0,0,91191.1
2018,0,0,0,0,0,83532.5
2019,0,0,0,0,0,75883.3
2020,0,0,0,0,0,68244.9
2021,0,0,0,0,0,60624.5
2022,0,0,0,0,0,53021.1
2023,0,0,0,0,0,46708.1
2024,0,0,0,0,0,49978.2
2025,0,0,0,0,0,53248.3
2026,0,0,0,0,0,56518.3
2027,0,0,0,0,0,59788.4
2028,0,0,0,0,0,60729.8
2029,0,0,0,0,0,63551.8
2030,0,0,0,0,0,60513
2031,0,0,0,0,0,60513
2032,0,0,0,0,0,60513
2033,0,0,0,0,0,60513
2034,0,0,0,0,0,60513
2035,0,0,0,0,0,60513
BM,E,P,GN,BIO,A,HOU
2015,0,0,0,0,0,279071
2016,0,0,0,0,0,289598
2017,0,0,0,0,0,300125
2018,0,0,0,0,0,310652
2019,0,0,0,0,0,321179
2020,0,0,0,0,0,331706
2021,0,0,0,0,0,342232
2022,0,0,0,0,0,352759
2023,0,0,0,0,0,362013
2024,0,0,0,0,0,361701
2025,0,0,0,0,0,361408
2026,0,0,0,0,0,361132
2027,0,0,0,0,0,360874
2028,0,0,0,0,0,362787
2029,0,0,0,0,0,362787
2030,0,0,0,0,0,306585
2031,0,0,0,0,0,312350
2032,0,0,0,0,0,318254
2033,0,0,0,0,0,324302
2034,0,0,0,0,0,330501
2035,0,0,0,0,0,336853
BD,E,P,GN,BIO,A,HOU
2015,0,0,0,0,0,0
2016,0,0,0,0,0,0
2017,0,0,0,0,0,0
2018,0,0,0,0,0,0
2019,0,0,0,0,0,0
2020,0,0,0,0,0,0
2021,0,0,0,0,0,0
2022,0,0,0,0,0,0
2023,0,0,0,0,0,0
2024,0,0,0,0,0,0
2025,0,0,0,0,0,0
2026,0,0,0,0,0,0
2027,0,0,0,0,0,0
2028,0,0,0,0,0,0
2029,0,0,0,0,0,0
2030,0,0,0,0,0,0
2031,0,0,0,0,0,0
2032,0,0,0,0,0,0
2033,0,0,0,0,0,0
2034,0,0,0,0,0,0
2035,0,0,0,0,0,0
IND,E,P,GN,BIO,A,HOU
2015,0,0,0,0,0,1647.06
2016,0,0,0,0,0,589.863
2017,0,0,0,0,0,349.617
2018,0,0,0,0,0,109.372
2019,0,0,0,0,0,0
2020,0,0,0,0,0,0
2021,0,0,0,0,0,0
2022,0,0,0,0,0,0
2023,0,0,0,0,0,0
2024,0,0,0,0,0,0
2025,0,0,0,0,0,0
2026,0,0,0,0,0,0
2027,0,0,0,0,0,0
2028,0,0,0,0,0,0
2029,0,0,0,0,0,0
2030,0,0,0,0,0,0
2031,0,0,0,0,0,0
2032,0,0,0,0,0,0
2033,0,0,0,0,0,0
2034,0,0,0,0,0,0
2035,0,0,0,0,0,0
AGR,E,P,GN,BIO,A,HOU
2015,0,0,0,0,0,25272.6
2016,0,0,0,0,0,18397
2017,0,0,0,0,0,12636.3
2018,0,0,0,0,0,12636.3
2019,0,0,0,0,0,12513
2020,0,0,0,0,0,12286.5
2021,0,0,0,0,0,12060
2022,0,0,0,0,0,11833.6
2023,0,0,0,0,0,11607.1
2024,0,0,0,0,0,11380.6
2025,0,0,0,0,0,11154.2
2026,0,0,0,0,0,10927.7
2027,0,0,0,0,0,10701.2
2028,0,0,0,0,0,10651.1
2029,0,0,0,0,0,10651.1
2030,0,0,0,0,0,10651.1
2031,0,0,0,0,0,10651.1
2032,0,0,0,0,0,10651.1
2033,0,0,0,0,0,10651.1
2034,0,0,0,0,0,10651.1
2035,0,0,0,0,0,10651.1
DUMMYHOUSE,E,P,GN,BIO,A,HOU
2015,0,0,0,0,0,0
2016,0,0,0,0,0,0
2017,0,0,0,0,0,0
2018,0,0,0,0,0,0
2019,0,0,0,0,0,0
2020,0,0,0,0,0,0
2021,0,0,0,0,0,0
2022,0,0,0,0,0,0
2023,0,0,0,0,0,0
2024,0,0,0,0,0,0
2025,0,0,0,0,0,0
2026,0,0,0,0,0,0
2027,0,0,0,0,0,0
2028,0,0,0,0,0,0
2029,0,0,0,0,0,0
2030,0,0,0,0,0,62081.3
2031,0,0,0,0,0,59175.4
2032,0,0,0,0,0,56149
2033,0,0,0,0,0,52996.6
2034,0,0,0,0,0,49713.2
2035,0,0,0,0,0,46295.2
IMPP,E,P,GN,BIO,A,HOU
2015,0,6.3045e+06,0,0,0,0
2016,0,4.72268e+06,0,0,0,0
2017,0,3.84753e+06,0,0,0,0
2018,0,3.65259e+06,0,0,0,0
2019,0,3.53262e+06,0,0,0,0
2020,0,3.47373e+06,0,0,0,0
2021,0,3.41541e+06,0,0,0,0
2022,0,3.35765e+06,0,0,0,0
2023,0,3.30193e+06,0,0,0,0
2024,0,3.25771e+06,0,0,0,0
2025,0,3.21377e+06,0,0,0,0
2026,0,3.17008e+06,0,0,0,0
2027,0,3.12666e+06,0,0,0,0
2028,0,3.09933e+06,0,0,0,0
2029,0,3.07911e+06,0,0,0,0
2030,0,2.78394e+06,0,0,0,0
2031,0,2.77581e+06,0,0,0,0
2032,0,2.76769e+06,0,0,0,0
2033,0,2.75957e+06,0,0,0,0
2034,0,2.75146e+06,0,0,0,0
2035,0,2.74333e+06,0,0,0,0
IMPE,E,P,GN,BIO,A,HOU
2015,2.60233e+07,0,0,0,0,0
2016,2.31654e+07,0,0,0,0,0
2017,2.15858e+07,0,0,0,0,0
2018,2.1234e+07,0,0,0,0,0
2019,2.10156e+07,0,0,0,0,0
2020,2.09054e+07,0,0,0,0,0
2021,2.07937e+07,0,0,0,0,0
2022,2.06803e+07,0,0,0,0,0
2023,2.056e+07,0,0,0,0,0
2024,2.03987e+07,0,0,0,0,0
2025,2.02369e+07,0,0,0,0,0
2026,2.00744e+07,0,0,0,0,0
2027,1.99113e+07,0,0,0,0,0
2028,1.97889e+07,0,0,0,0,0
2029,1.96666e+07,0,0,0,0,0
2030,1.70393e+07,0,0,0,0,0
2031,1.70706e+07,0,0,0,0,0
2032,1.7102e+07,0,0,0,0,0
2033,1.71333e+07,0,0,0,0,0
2034,1.71647e+07,0,0,0,0,0
2035,1.7196e+07,0,0,0,0,0
IMPGN,E,P,GN,BIO,A,HOU
2015,0,0,6.23254e+06,0,0,0
2016,0,0,5.54761e+06,0,0,0
2017,0,0,5.16992e+06,0,0,0
2018,0,0,5.07351e+06,0,0,0
2019,0,0,5.01016e+06,0,0,0
2020,0,0,4.97365e+06,0,0,0
2021,0,0,4.93701e+06,0,0,0
2022,0,0,4.90022e+06,0,0,0
2023,0,0,4.86358e+06,0,0,0
2024,0,0,4.82914e+06,0,0,0
2025,0,0,4.79448e+06,0,0,0
2026,0,0,4.75959e+06,0,0,0
2027,0,0,4.72446e+06,0,0,0
2028,0,0,4.69612e+06,0,0,0
2029,0,0,4.66994e+06,0,0,0
2030,0,0,4.05183e+06,0,0,0
2031,0,0,4.05832e+06,0,0,0
2032,0,0,4.0648e+06,0,0,0
2033,0,0,4.07129e+06,0,0,0
2034,0,0,4.07779e+06,0,0,0
2035,0,0,4.08427e+06,0,0,0
IMPBIO,E,P,GN,BIO,A,HOU
2015,0,0,0,6.69752e+06,0,0
2016,0,0,0,5.94425e+06,0,0
2017,0,0,0,5.51033e+06,0,0
2018,0,0,0,5.38164e+06,0,0
2019,0,0,0,5.28716e+06,0,0
2020,0,0,0,5.22059e+06,0,0
2021,0,0,0,5.15451e+06,0,0
2022,0,0,0,5.08889e+06,0,0
2023,0,0,0,5.02812e+06,0,0
2024,0,0,0,5.00023e+06,0,0
2025,0,0,0,4.97192e+06,0,0
2026,0,0,0,4.94321e+06,0,0
2027,0,0,0,4.91407e+06,0,0
2028,0,0,0,4.88567e+06,0,0
2029,0,0,0,4.86531e+06,0,0
2030,0,0,0,4.24444e+06,0,0
2031,0,0,0,4.24784e+06,0,0
2032,0,0,0,4.25125e+06,0,0
2033,0,0,0,4.25466e+06,0,0
2034,0,0,0,4.25808e+06,0,0
2035,0,0,0,4.26148e+06,0,0
IMPA,E,P,GN,BIO,A,HOU
2015,0,0,0,0,324126,0
2016,0,0,0,0,285328,0
2017,0,0,0,0,264166,0
2018,0,0,0,0,259938,0
2019,0,0,0,0,257544,0
2020,0,0,0,0,256636,0
2021,0,0,0,0,255698,0
2022,0,0,0,0,254730,0
2023,0,0,0,0,253589,0
2024,0,0,0,0,251351,0
2025,0,0,0,0,249111,0
2026,0,0,0,0,246870,0
2027,0,0,0,0,244626,0
2028,0,0,0,0,243063,0
2029,0,0,0,0,241405,0
2030,0,0,0,0,209156,0
2031,0,0,0,0,209557,0
2032,0,0,0,0,209958,0
2033,0,0,0,0,210360,0
2034,0,0,0,0,210762,0
2035,0,0,0,0,211163,0
LAV / CV,E,P,GN,BIO,A,HOU
2015,0,0,0,0,0,0
2016,0,0,0,0,0,0
2017,0,0,0,0,0,0
2018,0,0,0,0,0,0
2019,0,0,0,0,0,0
2020,0,0,0,0,0,0
2021,0,0,0,0,0,0
2022,0,0,0,0,0,0
2023,0,0,0,0,0,0
2024,0,0,0,0,0,0
2025,0,0,0,0,0,0
2026,0,0,0,0,0,0
2027,0,0,0,0,0,0
2028,0,0,0,0,0,0
2029,0,0,0,0,0,0
2030,0,0,0,0,0,0
2031,0,0,0,0,0,0
2032,0,0,0,0,0,0
2033,0,0,0,0,0,0
2034,0,0,0,0,0,0
2035,0,0,0,0,0,0
BF,E,P,GN,BIO,A,HOU
2015,0,0,0,0,0,67717.4
2016,0,0,0,0,0,67717.4
2017,0,0,0,0,0,67717.4
2018,0,0,0,0,0,67717.4
2019,0,0,0,0,0,67717.4
2020,0,0,0,0,0,67717.4
2021,0,0,0,0,0,67717.4
2022,0,0,0,0,0,67717.4
2023,0,0,0,0,0,70355.7
2024,0,0,0,0,0,73095.6
2025,0,0,0,0,0,75801.6
2026,0,0,0,0,0,78474.5
2027,0,0,0,0,0,81112.3
2028,0,0,0,0,0,83716.3
2029,0,0,0,0,0,86284.4
2030,0,0,0,0,0,43357.1
2031,0,0,0,0,0,43357.1
2032,0,0,0,0,0,43357.1
2033,0,0,0,0,0,43357.1
2034,0,0,0,0,0,48921.3
2035,0,0,0,0,0,55854.4
BM,E,P,GN,BIO,A,HOU
2015,0,0,0,0,0,284528
2016,0,0,0,0,0,293391
2017,0,0,0,0,0,302254
2018,0,0,0,0,0,311117
2019,0,0,0,0,0,319981
2020,0,0,0,0,0,328844
2021,0,0,0,0,0,337707
2022,0,0,0,0,0,346570
2023,0,0,0,0,0,349046
2024,0,0,0,0,0,351277
2025,0,0,0,0,0,353589
2026,0,0,0,0,0,355982
2027,0,0,0,0,0,358459
2028,0,0,0,0,0,361019
2029,0,0,0,0,0,363665
2030,0,0,0,0,0,347712
2031,0,0,0,0,0,354507
2032,0,0,0,0,0,361466
2033,0,0,0,0,0,368596
2034,0,0,0,0,0,369892
2035,0,0,0,0,0,369892
BD,E,P,GN,BIO,A,HOU
2015,0,0,0,0,0,0
2016,0,0,0,0,0,0
2017,0,0,0,0,0,0
2018,0,0,0,0,0,0
2019,0,0,0,0,0,0
2020,0,0,0,0,0,0
2021,0,0,0,0,0,0
2022,0,0,0,0,0,0
2023,0,0,0,0,0,0
2024,0,0,0,0,0,0
2025,0,0,0,0,0,0
2026,0,0,0,0,0,0
2027,0,0,0,0,0,0
2028,0,0,0,0,0,0
2029,0,0,0,0,0,0
2030,0,0,0,0,0,0
2031,0,0,0,0,0,0
2032,0,0,0,0,0,0
2033,0,0,0,0,0,0
2034,0,0,0,0,0,0
2035,0,0,0,0,0,0
IND,E,P,GN,BIO,A,HOU
2015,0,0,0,0,0,25777.9
2016,0,0,0,0,0,21141.1
2017,0,0,0,0,0,16540.9
2018,0,0,0,0,0,11985.7
2019,0,0,0,0,0,9078.32
2020,0,0,0,0,0,9023.35
2021,0,0,0,0,0,9023.35
2022,0,0,0,0,0,9023.35
2023,0,0,0,0,0,9023.35
2024,0,0,0,0,0,9023.35
2025,0,0,0,0,0,9023.35
2026,0,0,0,0,0,9023.35
2027,0,0,0,0,0,9023.35
2028,0,0,0,0,0,9023.35
2029,0,0,0,0,0,9023.35
2030,0,0,0,0,0,9023.35
2031,0,0,0,0,0,9023.35
2032,0,0,0,0,0,9023.35
2033,0,0,0,0,0,9023.35
2034,0,0,0,0,0,9023.35
2035,0,0,0,0,0,9023.35
AGR,E,P,GN,BIO,A,HOU
2015,0,0,0,0,0,27719.6
2016,0,0,0,0,0,27719.6
2017,0,0,0,0,0,27719.6
2018,0,0,0,0,0,27719.6
2019,0,0,0,0,0,26116.8
2020,0,0,0,0,0,21706.6
2021,0,0,0,0,0,17287.4
2022,0,0,0,0,0,12914.2
2023,0,0,0,0,0,12336.6
2024,0,0,0,0,0,11950.3
2025,0,0,0,0,0,11563.9
2026,0,0,0,0,0,11177.5
2027,0,0,0,0,0,10791.2
2028,0,0,0,0,0,10404.8
2029,0,0,0,0,0,10018.5
2030,0,0,0,0,0,9701.65
2031,0,0,0,0,0,9701.65
2032,0,0,0,0,0,9701.65
2033,0,0,0,0,0,9701.65
2034,0,0,0,0,0,9701.65
2035,0,0,0,0,0,9701.65
DUMMYHOUSE,E,P,GN,BIO,A,HOU
2015,0,0,0,0,0,6.395
2016,0,0,0,0,0,0
2017,0,0,0,0,0,0
2018,0,0,0,0,0,0
2019,0,0,0,0,0,0
2020,0,0,0,0,0,0
2021,0,0,0,0,0,0
2022,0,0,0,0,0,0
2023,0,0,0,0,0,0
2024,0,0,0,0,0,0
2025,0,0,0,0,0,0
2026,0,0,0,0,0,0
2027,0,0,0,0,0,0
2028,0,0,0,0,0,0
2029,0,0,0,0,0,0
2030,0,0,0,0,0,64074.1
2031,0,0,0,0,0,62206.8
2032,0,0,0,0,0,60228
2033,0,0,0,0,0,58128.6
2034,0,0,0,0,0,56353.1
2035,0,0,0,0,0,54556
IMPP,E,P,GN,BIO,A,HOU
2015,0,3.60527e+06,0,0,0,0
2016,0,3.26365e+06,0,0,0,0
2017,0,2.93086e+06,0,0,0,0
2018,0,2.60741e+06,0,0,0,0
2019,0,2.38856e+06,0,0,0,0
2020,0,2.34215e+06,0,0,0,0
2021,0,2.29991e+06,0,0,0,0
2022,0,2.25855e+06,0,0,0,0
2023,0,2.2472e+06,0,0,0,0
2024,0,2.23718e+06,0,0,0,0
2025,0,2.22699e+06,0,0,0,0
2026,0,2.21663e+06,0,0,0,0
2027,0,2.20609e+06,0,0,0,0
2028,0,2.19536e+06,0,0,0,0
2029,0,2.18446e+06,0,0,0,0
2030,0,1.9453e+06,0,0,0,0
2031,0,1.94406e+06,0,0,0,0
2032,0,1.94282e+06,0,0,0,0
2033,0,1.94158e+06,0,0,0,0
2034,0,1.94154e+06,0,0,0,0
2035,0,1.94176e+06,0,0,0,0
IMPE,E,P,GN,BIO,A,HOU
2015,2.23399e+07,0,0,0,0,0
2016,2.10501e+07,0,0,0,0,0
2017,1.97928e+07,0,0,0,0,0
2018,1.85701e+07,0,0,0,0,0
2019,1.77531e+07,0,0,0,0,0
2020,1.76061e+07,0,0,0,0,0
2021,1.74735e+07,0,0,0,0,0
2022,1.73424e+07,0,0,0,0,0
2023,1.72857e+07,0,0,0,0,0
2024,1.72317e+07,0,0,0,0,0
2025,1.71765e+07,0,0,0,0,0
2026,1.712e+07,0,0,0,0,0
2027,1.70624e+07,0,0,0,0,0
2028,1.70033e+07,0,0,0,0,0
2029,1.6943e+07,0,0,0,0,0
2030,1.50528e+07,0,0,0,0,0
2031,1.50888e+07,0,0,0,0,0
2032,1.51247e+07,0,0,0,0,0
2033,1.51606e+07,0,0,0,0,0
2034,1.51595e+07,0,0,0,0,0
2035,1.51502e+07,0,0,0,0,0
IMPGN,E,P,GN,BIO,A,HOU
2015,0,0,7.06757e+06,0,0,0
2016,0,0,6.36991e+06,0,0,0
2017,0,0,5.69029e+06,0,0,0
2018,0,0,5.02977e+06,0,0,0
2019,0,0,4.57727e+06,0,0,0
2020,0,0,4.46733e+06,0,0,0
2021,0,0,4.36623e+06,0,0,0
2022,0,0,4.26742e+06,0,0,0
2023,0,0,4.24052e+06,0,0,0
2024,0,0,4.217e+06,0,0,0
2025,0,0,4.19327e+06,0,0,0
2026,0,0,4.16933e+06,0,0,0
2027,0,0,4.14517e+06,0,0,0
2028,0,0,4.12078e+06,0,0,0
2029,0,0,4.09616e+06,0,0,0
2030,0,0,3.68427e+06,0,0,0
2031,0,0,3.68047e+06,0,0,0
2032,0,0,3.67667e+06,0,0,0
2033,0,0,3.67288e+06,0,0,0
2034,0,0,3.66785e+06,0,0,0
2035,0,0,3.66256e+06,0,0,0
IMPBIO,E,P,GN,BIO,A,HOU
2015,0,0,0,6.35983e+06,0,0
2016,0,0,0,6.02353e+06,0,0
2017,0,0,0,5.69572e+06,0,0
2018,0,0,0,5.37699e+06,0,0
2019,0,0,0,5.16557e+06,0,0
2020,0,0,0,5.13043e+06,0,0
2021,0,0,0,5.09751e+06,0,0
2022,0,0,0,5.06344e+06,0,0
2023,0,0,0,5.05411e+06,0,0
2024,0,0,0,5.04542e+06,0,0
2025,0,0,0,5.03606e+06,0,0
2026,0,0,0,5.02601e+06,0,0
2027,0,0,0,5.01528e+06,0,0
2028,0,0,0,5.00385e+06,0,0
2029,0,0,0,4.99171e+06,0,0
2030,0,0,0,4.36652e+06,0,0
2031,0,0,0,4.37815e+06,0,0
2032,0,0,0,4.38977e+06,0,0
2033,0,0,0,4.40141e+06,0,0
2034,0,0,0,4.41261e+06,0,0
2035,0,0,0,4.42371e+06,0,0
IMPA,E,P,GN,BIO,A,HOU
2015,0,0,0,0,254901,0
2016,0,0,0,0,241330,0
2017,0,0,0,0,228096,0
2018,0,0,0,0,215220,0
2019,0,0,0,0,205625,0
2020,0,0,0,0,201391,0
2021,0,0,0,0,197354,0
2022,0,0,0,0,193412,0
2023,0,0,0,0,192426,0
2024,0,0,0,0,191578,0
2025,0,0,0,0,190722,0
2026,0,0,0,0,189857,0
2027,0,0,0,0,188983,0
2028,0,0,0,0,188098,0
2029,0,0,0,0,187204,0
2030,0,0,0,0,166445,0
2031,0,0,0,0,166781,0
2032,0,0,0,0,167116,0
2033,0,0,0,0,167452,0
2034,0,0,0,0,167412,0
2035,0,0,0,0,167289,0
CN / CV,E,P,GN,BIO,A,HOU
2015,0,0,0,0,0,0
2016,0,0,0,0,0,0
2017,0,0,0,0,0,0
2018,0,0,0,0,0,0
2019,0,0,0,0,0,0
2020,0,0,0,0,0,0
2021,0,0,0,0,0,0
2022,0,0,0,0,0,0
2023,0,0,0,0,0,0
2024,0,0,0,0,0,0
2025,0,0,0,0,0,0
2026,0,0,0,0,0,0
2027,0,0,0,0,0,0
2028,0,0,0,0,0,0
2029,0,0,0,0,0,0
2030,0,0,0,0,0,0
2031,0,0,0,0,0,0
2032,0,0,0,0,0,0
2033,0,0,0,0,0,0
2034,0,0,0,0,0,0
2035,0,0,0,0,0,0
BF,E,P,GN,BIO,A,HOU
2015,0,0,0,0,0,219239
2016,0,0,0,0,0,219239
2017,0,0,0,0,0,219239
2018,0,0,0,0,0,208750
2019,0,0,0,0,0,215375
2020,0,0,0,0,0,222062
2021,0,0,0,0,0,228809
2022,0,0,0,0,0,230488
2023,0,0,0,0,0,236256
2024,0,0,0,0,0,242478
2025,0,0,0,0,0,248764
2026,0,0,0,0,0,255116
2027,0,0,0,0,0,261534
2028,0,0,0,0,0,268018
2029,0,0,0,0,0,274570
2030,0,0,0,0,0,281190
2031,0,0,0,0,0,285017
2032,0,0,0,0,0,285017
2033,0,0,0,0,0,285017
2034,0,0,0,0,0,285017
2035,0,0,0,0,0,285017
BM,E,P,GN,BIO,A,HOU
2015,0,0,0,0,0,213729
2016,0,0,0,0,0,213729
2017,0,0,0,0,0,254717
2018,0,0,0,0,0,277843
2019,0,0,0,0,0,277843
2020,0,0,0,0,0,277843
2021,0,0,0,0,0,277843
2022,0,0,0,0,0,277843
2023,0,0,0,0,0,277843
2024,0,0,0,0,0,277843
2025,0,0,0,0,0,277843
2026,0,0,0,0,0,277843
2027,0,0,0,0,0,277843
2028,0,0,0,0,0,277843
2029,0,0,0,0,0,277843
2030,0,0,0,0,0,277843
2031,0,0,0,0,0,277843
2032,0,0,0,0,0,277843
2033,0,0,0,0,0,277843
2034,0,0,0,0,0,277843
2035,0,0,0,0,0,277843
BD,E,P,GN,BIO,A,HOU
2015,0,0,0,0,0,36.8998
2016,0,0,0,0,0,49863
2017,0,0,0,0,0,31004.5
2018,0,0,0,0,0,24931.5
2019,0,0,0,0,0,24931.5
2020,0,0,0,0,0,24931.5
2021,0,0,0,0,0,24931.5
2022,0,0,0,0,0,29920.9
2023,0,0,0,0,0,30321.1
2024,0,0,0,0,0,30321.1
2025,0,0,0,0,0,30321.1
2026,0,0,0,0,0,30321.1
2027,0,0,0,0,0,30321.1
2028,0,0,0,0,0,30321.1
2029,0,0,0,0,0,30321.1
2030,0,0,0,0,0,30321.1
2031,0,0,0,0,0,33183.3
2032,0,0,0,0,0,39942.3
2033,0,0,0,0,0,46770.3
2034,0,0,0,0,0,53670.3
2035,0,0,0,0,0,60642.3
IND,E,P,GN,BIO,A,HOU
2015,0,0,0,0,0,5606.16
2016,0,0,0,0,0,1974.35
2017,0,0,0,0,0,1974.35
2018,0,0,0,0,0,1974.35
2019,0,0,0,0,0,1974.35
2020,0,0,0,0,0,1974.35
2021,0,0,0,0,0,1974.35
2022,0,0,0,0,0,1974.35
2023,0,0,0,0,0,1974.35
2024,0,0,0,0,0,1974.35
2025,0,0,0,0,0,1974.35
2026,0,0,0,0,0,1974.35
2027,0,0,0,0,0,1974.35
2028,0,0,0,0,0,1974.35
2029,0,0,0,0,0,1974.35
2030,0,0,0,0,0,1974.35
2031,0,0,0,0,0,1974.35
2032,0,0,0,0,0,1974.35
2033,0,0,0,0,0,1974.35
2034,0,0,0,0,0,1974.35
2035,0,0,0,0,0,1974.35
AGR,E,P,GN,BIO,A,HOU
2015,0,0,0,0,0,112101
2016,0,0,0,0,0,71633.2
2017,0,0,0,0,0,55290.3
2018,0,0,0,0,0,54573.6
2019,0,0,0,0,0,53856.8
2020,0,0,0,0,0,53140.1
2021,0,0,0,0,0,52423.4
2022,0,0,0,0,0,51850.2
2023,0,0,0,0,0,51838.7
2024,0,0,0,0,0,51838.7
2025,0,0,0,0,0,51838.7
2026,0,0,0,0,0,51838.7
2027,0,0,0,0,0,51838.7
2028,0,0,0,0,0,51838.7
2029,0,0,0,0,0,51838.7
2030,0,0,0,0,0,51838.7
2031,0,0,0,0,0,51838.7
2032,0,0,0,0,0,51838.7
2033,0,0,0,0,0,51838.7
2034,0,0,0,0,0,51838.7
2035,0,0,0,0,0,51838.7
DUMMYHOUSE,E,P,GN,BIO,A,HOU
2015,0,0,0,0,0,0
2016,0,0,0,0,0,0
2017,0,0,0,0,0,0
2018,0,0,0,0,0,0
2019,0,0,0,0,0,0
2020,0,0,0,0,0,0
2021,0,0,0,0,0,0
2022,0,0,0,0,0,0
2023,0,0,0,0,0,0
2024,0,0,0,0,0,0
2025,0,0,0,0,0,0
2026,0,0,0,0,0,0
2027,0,0,0,0,0,0
2028,0,0,0,0,0,0
2029,0,0,0,0,0,0
2030,0,0,0,0,0,0
2031,0,0,0,0,0,0
2032,0,0,0,0,0,0
2033,0,0,0,0,0,0
2034,0,0,0,0,0,0
2035,0,0,0,0,0,0
IMPP,E,P,GN,BIO,A,HOU
2015,0,1.20325e+07,0,0,0,0
2016,0,7.9825e+06,0,0,0,0
2017,0,6.89029e+06,0,0,0,0
2018,0,6.79755e+06,0,0,0,0
2019,0,6.71138e+06,0,0,0,0
2020,0,6.62584e+06,0,0,0,0
2021,0,6.54091e+06,0,0,0,0
2022,0,6.46502e+06,0,0,0,0
2023,0,6.42291e+06,0,0,0,0
2024,0,6.38118e+06,0,0,0,0
2025,0,6.33912e+06,0,0,0,0
2026,0,6.29673e+06,0,0,0,0
2027,0,6.254e+06,0,0,0,0
2028,0,6.21091e+06,0,0,0,0
2029,0,6.16747e+06,0,0,0,0
2030,0,6.12367e+06,0,0,0,0
2031,0,6.07942e+06,0,0,0,0
2032,0,6.03468e+06,0,0,0,0
2033,0,5.98956e+06,0,0,0,0
2034,0,5.94405e+06,0,0,0,0
2035,0,5.89815e+06,0,0,0,0
IMPE,E,P,GN,BIO,A,HOU
2015,5.58219e+07,0,0,0,0,0
2016,4.1341e+07,0,0,0,0,0
2017,3.72717e+07,0,0,0,0,0
2018,3.68511e+07,0,0,0,0,0
2019,3.65471e+07,0,0,0,0,0
2020,3.62439e+07,0,0,0,0,0
2021,3.59415e+07,0,0,0,0,0
2022,3.57152e+07,0,0,0,0,0
2023,3.55627e+07,0,0,0,0,0
2024,3.54063e+07,0,0,0,0,0
2025,3.52472e+07,0,0,0,0,0
2026,3.50854e+07,0,0,0,0,0
2027,3.49207e+07,0,0,0,0,0
2028,3.47532e+07,0,0,0,0,0
2029,3.45828e+07,0,0,0,0,0
2030,3.44094e+07,0,0,0,0,0
2031,3.42566e+07,0,0,0,0,0
2032,3.41318e+07,0,0,0,0,0
2033,3.40031e+07,0,0,0,0,0
2034,3.38704e+07,0,0,0,0,0
2035,3.37336e+07,0,0,0,0,0
IMPGN,E,P,GN,BIO,A,HOU
2015,0,0,2.20909e+07,0,0,0
2016,0,0,1.51414e+07,0,0,0
2017,0,0,1.31059e+07,0,0,0
2018,0,0,1.28788e+07,0,0,0
2019,0,0,1.27328e+07,0,0,0
2020,0,0,1.25877e+07,0,0,0
2021,0,0,1.24435e+07,0,0,0
2022,0,0,1.23418e+07,0,0,0
2023,0,0,1.22722e+07,0,0,0
2024,0,0,1.22009e+07,0,0,0
2025,0,0,1.21289e+07,0,0,0
2026,0,0,1.20562e+07,0,0,0
2027,0,0,1.19827e+07,0,0,0
2028,0,0,1.19084e+07,0,0,0
2029,0,0,1.18334e+07,0,0,0
2030,0,0,1.17575e+07,0,0,0
2031,0,0,1.16948e+07,0,0,0
2032,0,0,1.16496e+07,0,0,0
2033,0,0,1.16031e+07,0,0,0
2034,0,0,1.15553e+07,0,0,0
2035,0,0,1.15062e+07,0,0,0
IMPBIO,E,P,GN,BIO,A,HOU
2015,0,0,0,1.6399e+07,0,0
2016,0,0,0,1.19766e+07,0,0
2017,0,0,0,1.09894e+07,0,0
2018,0,0,0,1.09242e+07,0,0
2019,0,0,0,1.08412e+07,0,0
2020,0,0,0,1.07583e+07,0,0
2021,0,0,0,1.06756e+07,0,0
2022,0,0,0,1.0573e+07,0,0
2023,0,0,0,1.05297e+07,0,0
2024,0,0,0,1.04886e+07,0,0
2025,0,0,0,1.04466e+07,0,0
2026,0,0,0,1.04037e+07,0,0
2027,0,0,0,1.03599e+07,0,0
2028,0,0,0,1.03152e+07,0,0
2029,0,0,0,1.02696e+07,0,0
2030,0,0,0,1.02231e+07,0,0
2031,0,0,0,1.01608e+07,0,0
2032,0,0,0,1.00781e+07,0,0
2033,0,0,0,9.99484e+06,0,0
2034,0,0,0,9.91106e+06,0,0
2035,0,0,0,9.82674e+06,0,0
IMPA,E,P,GN,BIO,A,HOU
2015,0,0,0,0,601060,0
2016,0,0,0,0,493361,0
2017,0,0,0,0,448231,0
2018,0,0,0,0,439602,0
2019,0,0,0,0,437533,0
2020,0,0,0,0,435451,0
2021,0,0,0,0,433354,0
2022,0,0,0,0,433043,0
2023,0,0,0,0,432219,0
2024,0,0,0,0,431247,0
2025,0,0,0,0,430232,0
2026,0,0,0,0,429173,0
2027,0,0,0,0,428068,0
2028,0,0,0,0,426917,0
2029,0,0,0,0,425719,0
2030,0,0,0,0,424472,0
2031,0,0,0,0,423981,0
2032,0,0,0,0,424503,0
2033,0,0,0,0,424947,0
2034,0,0,0,0,425313,0
2035,0,0,0,0,425600,0
CS / CV,E,P,GN,BIO,A,HOU
2015,0,0,0,0,0,0
2016,0,0,0,0,0,0
2017,0,0,0,0,0,0
2018,0,0,0,0,0,0
2019,0,0,0,0,0,0
2020,0,0,0,0,0,0
2021,0,0,0,0,0,0
2022,0,0,0,0,0,0
2023,0,0,0,0,0,0
2024,0,0,0,0,0,0
2025,0,0,0,0,0,0
2026,0,0,0,0,0,0
2027,0,0,0,0,0,0
2028,0,0,0,0,0,0
2029,0,0,0,0,0,0
2030,0,0,0,0,0,0
2031,0,0,0,0,0,0
2032,0,0,0,0,0,0
2033,0,0,0,0,0,0
2034,0,0,0,0,0,0
2035,0,0,0,0,0,0
BF,E,P,GN,BIO,A,HOU
2015,0,0,0,0,0,200094
2016,0,0,0,0,0,200094
2017,0,0,0,0,0,205555
2018,0,0,0,0,0,223907
2019,0,0,0,0,0,235218
2020,0,0,0,0,0,240571
2021,0,0,0,0,0,245167
2022,0,0,0,0,0,249806
2023,0,0,0,0,0,254488
2024,0,0,0,0,0,259214
2025,0,0,0,0,0,260126
2026,0,0,0,0,0,260126
2027,0,0,0,0,0,260126
2028,0,0,0,0,0,260126
2029,0,0,0,0,0,260126
2030,0,0,0,0,0,260126
2031,0,0,0,0,0,260126
2032,0,0,0,0,0,260126
2033,0,0,0,0,0,260126
2034,0,0,0,0,0,260126
2035,0,0,0,0,0,260126
BM,E,P,GN,BIO,A,HOU
2015,0,0,0,0,0,128828
2016,0,0,0,0,0,157322
2017,0,0,0,0,0,167482
2018,0,0,0,0,0,167482
2019,0,0,0,0,0,167482
2020,0,0,0,0,0,167482
2021,0,0,0,0,0,167482
2022,0,0,0,0,0,167482
2023,0,0,0,0,0,167482
2024,0,0,0,0,0,167482
2025,0,0,0,0,0,167482
2026,0,0,0,0,0,167482
2027,0,0,0,0,0,167482
2028,0,0,0,0,0,167482
2029,0,0,0,0,0,167482
2030,0,0,0,0,0,167482
2031,0,0,0,0,0,167482
2032,0,0,0,0,0,167482
2033,0,0,0,0,0,167482
2034,0,0,0,0,0,167482
2035,0,0,0,0,0,167482
BD,E,P,GN,BIO,A,HOU
2015,0,0,0,0,0,0
2016,0,0,0,0,0,15329.8
2017,0,0,0,0,0,38078
2018,0,0,0,0,0,25016.4
2019,0,0,0,0,0,19039
2020,0,0,0,0,0,19039
2021,0,0,0,0,0,19039
2022,0,0,0,0,0,19039
2023,0,0,0,0,0,19039
2024,0,0,0,0,0,19039
2025,0,0,0,0,0,23027
2026,0,0,0,0,0,28004.6
2027,0,0,0,0,0,33027.7
2028,0,0,0,0,0,37969.6
2029,0,0,0,0,0,42919.6
2030,0,0,0,0,0,47914.6
2031,0,0,0,0,0,52956.6
2032,0,0,0,0,0,58045.6
2033,0,0,0,0,0,63181.6
2034,0,0,0,0,0,68365.6
2035,0,0,0,0,0,68365.6
IND,E,P,GN,BIO,A,HOU
2015,0,0,0,0,0,5558.66
2016,0,0,0,0,0,1945.3
2017,0,0,0,0,0,1945.3
2018,0,0,0,0,0,1945.3
2019,0,0,0,0,0,1945.3
2020,0,0,0,0,0,1945.3
2021,0,0,0,0,0,1945.3
2022,0,0,0,0,0,1945.3
2023,0,0,0,0,0,1945.3
2024,0,0,0,0,0,1945.3
2025,0,0,0,0,0,1945.3
2026,0,0,0,0,0,1945.3
2027,0,0,0,0,0,1945.3
2028,0,0,0,0,0,1945.3
2029,0,0,0,0,0,1945.3
2030,0,0,0,0,0,1945.3
2031,0,0,0,0,0,1945.3
2032,0,0,0,0,0,1945.3
2033,0,0,0,0,0,1945.3
2034,0,0,0,0,0,1945.3
2035,0,0,0,0,0,1945.3
AGR,E,P,GN,BIO,A,HOU
2015,0,0,0,0,0,137365
2016,0,0,0,0,0,101549
2017,0,0,0,0,0,67609.4
2018,0,0,0,0,0,66788.4
2019,0,0,0,0,0,65967.3
2020,0,0,0,0,0,65168.1
2021,0,0,0,0,0,65168.1
2022,0,0,0,0,0,65168.1
2023,0,0,0,0,0,65168.1
2024,0,0,0,0,0,65168.1
2025,0,0,0,0,0,65037
2026,0,0,0,0,0,64873.4
2027,0,0,0,0,0,64708.3
2028,0,0,0,0,0,64670.4
2029,0,0,0,0,0,64670.4
2030,0,0,0,0,0,64670.4
2031,0,0,0,0,0,64670.4
2032,0,0,0,0,0,64670.4
2033,0,0,0,0,0,64670.4
2034,0,0,0,0,0,64670.4
2035,0,0,0,0,0,69902.4
DUMMYHOUSE,E,P,GN,BIO,A,HOU
2015,0,0,0,0,0,6.89102
2016,0,0,0,0,0,0
2017,0,0,0,0,0,0
2018,0,0,0,0,0,0
2019,0,0,0,0,0,0
2020,0,0,0,0,0,0
2021,0,0,0,0,0,0
2022,0,0,0,0,0,0
2023,0,0,0,0,0,0
2024,0,0,0,0,0,0
2025,0,0,0,0,0,0
2026,0,0,0,0,0,0
2027,0,0,0,0,0,0
2028,0,0,0,0,0,0
2029,0,0,0,0,0,0
2030,0,0,0,0,0,0
2031,0,0,0,0,0,0
2032,0,0,0,0,0,0
2033,0,0,0,0,0,0
2034,0,0,0,0,0,0
2035,0,0,0,0,0,0
IMPP,E,P,GN,BIO,A,HOU
2015,0,9.20259e+06,0,0,0,0
2016,0,6.27746e+06,0,0,0,0
2017,0,5.2311e+06,0,0,0,0
2018,0,5.17592e+06,0,0,0,0
2019,0,5.12145e+06,0,0,0,0
2020,0,5.06823e+06,0,0,0,0
2021,0,5.03772e+06,0,0,0,0
2022,0,5.00693e+06,0,0,0,0
2023,0,4.97586e+06,0,0,0,0
2024,0,4.94451e+06,0,0,0,0
2025,0,4.90958e+06,0,0,0,0
2026,0,4.87362e+06,0,0,0,0
2027,0,4.83741e+06,0,0,0,0
2028,0,4.8043e+06,0,0,0,0
2029,0,4.77188e+06,0,0,0,0
2030,0,4.73913e+06,0,0,0,0
2031,0,4.70605e+06,0,0,0,0
2032,0,4.67264e+06,0,0,0,0
2033,0,4.6389e+06,0,0,0,0
2034,0,4.60481e+06,0,0,0,0
2035,0,4.69545e+06,0,0,0,0
IMPE,E,P,GN,BIO,A,HOU
2015,4.16524e+07,0,0,0,0,0
2016,3.1915e+07,0,0,0,0,0
2017,2.87395e+07,0,0,0,0,0
2018,2.83696e+07,0,0,0,0,0
2019,2.80971e+07,0,0,0,0,0
2020,2.79067e+07,0,0,0,0,0
2021,2.779e+07,0,0,0,0,0
2022,2.76711e+07,0,0,0,0,0
2023,2.75501e+07,0,0,0,0,0
2024,2.74268e+07,0,0,0,0,0
2025,2.73394e+07,0,0,0,0,0
2026,2.72582e+07,0,0,0,0,0
2027,2.7174e+07,0,0,0,0,0
2028,2.70964e+07,0,0,0,0,0
2029,2.70184e+07,0,0,0,0,0
2030,2.69371e+07,0,0,0,0,0
2031,2.68524e+07,0,0,0,0,0
2032,2.67644e+07,0,0,0,0,0
2033,2.66729e+07,0,0,0,0,0
2034,2.65779e+07,0,0,0,0,0
2035,2.6835e+07,0,0,0,0,0
IMPGN,E,P,GN,BIO,A,HOU
2015,0,0,1.57356e+07,0,0,0
2016,0,0,1.09361e+07,0,0,0
2017,0,0,9.38056e+06,0,0,0
2018,0,0,9.188e+06,0,0,0
2019,0,0,9.05251e+06,0,0,0
2020,0,0,8.96495e+06,0,0,0
2021,0,0,8.91458e+06,0,0,0
2022,0,0,8.86368e+06,0,0,0
2023,0,0,8.81224e+06,0,0,0
2024,0,0,8.76025e+06,0,0,0
2025,0,0,8.73075e+06,0,0,0
2026,0,0,8.70583e+06,0,0,0
2027,0,0,8.67994e+06,0,0,0
2028,0,0,8.6577e+06,0,0,0
2029,0,0,8.63576e+06,0,0,0
2030,0,0,8.61271e+06,0,0,0
2031,0,0,8.58857e+06,0,0,0
2032,0,0,8.56329e+06,0,0,0
2033,0,0,8.53687e+06,0,0,0
2034,0,0,8.50928e+06,0,0,0
2035,0,0,8.65257e+06,0,0,0
IMPBIO,E,P,GN,BIO,A,HOU
2015,0,0,0,1.32211e+07,0,0
2016,0,0,0,1.01286e+07,0,0
2017,0,0,0,9.01333e+06,0,0
2018,0,0,0,9.04777e+06,0,0
2019,0,0,0,9.03378e+06,0,0
2020,0,0,0,8.98054e+06,0,0
2021,0,0,0,8.9475e+06,0,0
2022,0,0,0,8.91371e+06,0,0
2023,0,0,0,8.87917e+06,0,0
2024,0,0,0,8.84386e+06,0,0
2025,0,0,0,8.78006e+06,0,0
2026,0,0,0,8.7093e+06,0,0
2027,0,0,0,8.63817e+06,0,0
2028,0,0,0,8.57051e+06,0,0
2029,0,0,0,8.50354e+06,0,0
2030,0,0,0,8.43613e+06,0,0
2031,0,0,0,8.36827e+06,0,0
2032,0,0,0,8.29996e+06,0,0
2033,0,0,0,8.23117e+06,0,0
2034,0,0,0,8.16191e+06,0,0
2035,0,0,0,8.23484e+06,0,0
IMPA,E,P,GN,BIO,A,HOU
2015,0,0,0,0,427572,0
2016,0,0,0,0,369740,0
2017,0,0,0,0,338207,0
2018,0,0,0,0,329472,0
2019,0,0,0,0,324468,0
2020,0,0,0,0,322549,0
2021,0,0,0,0,321530,0
2022,0,0,0,0,320481,0
2023,0,0,0,0,319404,0
2024,0,0,0,0,318297,0
2025,0,0,0,0,318916,0
2026,0,0,0,0,319897,0
2027,0,0,0,0,320817,0
2028,0,0,0,0,321753,0
2029,0,0,0,0,322648,0
2030,0,0,0,0,323478,0
2031,0,0,0,0,324242,0
2032,0,0,0,0,324940,0
2033,0,0,0,0,325569,0
2034,0,0,0,0,326130,0
2035,0,0,0,0,329465,0
MTL / CV,E,P,GN,BIO,A,HOU
2015,0,0,0,0,0,15913.5
2016,0,0,0,0,0,15913.5
2017,0,0,0,0,0,0
2018,0,0,0,0,0,0
2019,0,0,0,0,0,0
2020,0,0,0,0,0,0
2021,0,0,0,0,0,0
2022,0,0,0,0,0,0
2023,0,0,0,0,0,0
2024,0,0,0,0,0,0
2025,0,0,0,0,0,0
2026,0,0,0,0,0,0
2027,0,0,0,0,0,0
2028,0,0,0,0,0,0
2029,0,0,0,0,0,0
2030,0,0,0,0,0,0
2031,0,0,0,0,0,0
2032,0,0,0,0,0,0
2033,0,0,0,0,0,0
2034,0,0,0,0,0,0
2035,0,0,0,0,0,0
BF,E,P,GN,BIO,A,HOU
2015,0,0,0,0,0,230779
2016,0,0,0,0,0,230779
2017,0,0,0,0,0,230779
2018,0,0,0,0,0,219649
2019,0,0,0,0,0,199853
2020,0,0,0,0,0,180112
2021,0,0,0,0,0,160426
2022,0,0,0,0,0,140798
2023,0,0,0,0,0,121305
2024,0,0,0,0,0,115389
2025,0,0,0,0,0,115389
2026,0,0,0,0,0,115138
2027,0,0,0,0,0,108687
2028,0,0,0,0,0,102235
2029,0,0,0,0,0,98713
2030,0,0,0,0,0,95487.1
2031,0,0,0,0,0,95487.1
2032,0,0,0,0,0,95487.1
2033,0,0,0,0,0,95487.1
2034,0,0,0,0,0,95487.1
2035,0,0,0,0,0,95487.1
BM,E,P,GN,BIO,A,HOU
2015,0,0,0,0,0,920318
2016,0,0,0,0,0,945160
2017,0,0,0,0,0,976164
2018,0,0,0,0,0,1.00717e+06
2019,0,0,0,0,0,1.03817e+06
2020,0,0,0,0,0,1.06918e+06
2021,0,0,0,0,0,1.10018e+06
2022,0,0,0,0,0,1.13118e+06
2023,0,0,0,0,0,1.16219e+06
2024,0,0,0,0,0,1.19319e+06
2025,0,0,0,0,0,1.19644e+06
2026,0,0,0,0,0,1.19644e+06
2027,0,0,0,0,0,1.19644e+06
2028,0,0,0,0,0,1.19644e+06
2029,0,0,0,0,0,1.19644e+06
2030,0,0,0,0,0,1.19644e+06
2031,0,0,0,0,0,1.19644e+06
2032,0,0,0,0,0,1.19644e+06
2033,0,0,0,0,0,1.19644e+06
2034,0,0,0,0,0,1.19644e+06
2035,0,0,0,0,0,1.19644e+06
BD,E,P,GN,BIO,A,HOU
2015,0,0,0,0,0,645684
2016,0,0,0,0,0,653175
2017,0,0,0,0,0,653175
2018,0,0,0,0,0,653175
2019,0,0,0,0,0,653175
2020,0,0,0,0,0,653175
2021,0,0,0,0,0,653175
2022,0,0,0,0,0,653175
2023,0,0,0,0,0,653175
2024,0,0,0,0,0,639938
2025,0,0,0,0,0,648596
2026,0,0,0,0,0,660765
2027,0,0,0,0,0,677998
2028,0,0,0,0,0,695289
2029,0,0,0,0,0,709708
2030,0,0,0,0,0,603883
2031,0,0,0,0,0,629462
2032,0,0,0,0,0,655657
2033,0,0,0,0,0,682492
2034,0,0,0,0,0,709989
2035,0,0,0,0,0,738174
IND,E,P,GN,BIO,A,HOU
2015,0,0,0,0,0,42561
2016,0,0,0,0,0,20399.9
2017,0,0,0,0,0,19987.2
2018,0,0,0,0,0,19106.7
2019,0,0,0,0,0,18226.1
2020,0,0,0,0,0,17345.6
2021,0,0,0,0,0,16465
2022,0,0,0,0,0,15584.4
2023,0,0,0,0,0,14896.3
2024,0,0,0,0,0,14896.3
2025,0,0,0,0,0,14896.3
2026,0,0,0,0,0,14896.3
2027,0,0,0,0,0,14896.3
2028,0,0,0,0,0,14896.3
2029,0,0,0,0,0,14896.3
2030,0,0,0,0,0,14896.3
2031,0,0,0,0,0,14896.3
2032,0,0,0,0,0,14896.3
2033,0,0,0,0,0,14896.3
2034,0,0,0,0,0,14896.3
2035,0,0,0,0,0,14896.3
AGR,E,P,GN,BIO,A,HOU
2015,0,0,0,0,0,26370.3
2016,0,0,0,0,0,26370.3
2017,0,0,0,0,0,21908.6
2018,0,0,0,0,0,13185.1
2019,0,0,0,0,0,13185.1
2020,0,0,0,0,0,13185.1
2021,0,0,0,0,0,13185.1
2022,0,0,0,0,0,13185.1
2023,0,0,0,0,0,12913.3
2024,0,0,0,0,0,11669.4
2025,0,0,0,0,0,10425.6
2026,0,0,0,0,0,9230.2
2027,0,0,0,0,0,9230.2
2028,0,0,0,0,0,9230.2
2029,0,0,0,0,0,9230.2
2030,0,0,0,0,0,9230.2
2031,0,0,0,0,0,9230.2
2032,0,0,0,0,0,9230.2
2033,0,0,0,0,0,9230.2
2034,0,0,0,0,0,9230.2
2035,0,0,0,0,0,9230.2
DUMMYHOUSE,E,P,GN,BIO,A,HOU
2015,0,0,0,0,0,10.3273
2016,0,0,0,0,0,0
2017,0,0,0,0,0,0
2018,0,0,0,0,0,0
2019,0,0,0,0,0,0
2020,0,0,0,0,0,0
2021,0,0,0,0,0,0
2022,0,0,0,0,0,0
2023,0,0,0,0,0,0
2024,0,0,0,0,0,0
2025,0,0,0,0,0,0
2026,0,0,0,0,0,0
2027,0,0,0,0,0,0
2028,0,0,0,0,0,0
2029,0,0,0,0,0,0
2030,0,0,0,0,0,120008
2031,0,0,0,0,0,105444
2032,0,0,0,0,0,90325.3
2033,0,0,0,0,0,74625.6
2034,0,0,0,0,0,58323.6
2035,0,0,0,0,0,41393.2
IMPP,E,P,GN,BIO,A,HOU
2015,0,1.60558e+07,0,0,0,0
2016,0,1.1472e+07,0,0,0,0
2017,0,1.11222e+07,0,0,0,0
2018,0,1.0751e+07,0,0,0,0
2019,0,1.04615e+07,0,0,0,0
2020,0,1.01759e+07,0,0,0,0
2021,0,9.8944e+06,0,0,0,0
2022,0,9.61685e+06,0,0,0,0
2023,0,9.37665e+06,0,0,0,0
2024,0,9.27058e+06,0,0,0,0
2025,0,9.19368e+06,0,0,0,0
2026,0,9.11932e+06,0,0,0,0
2027,0,9.04942e+06,0,0,0,0
2028,0,8.97898e+06,0,0,0,0
2029,0,8.91069e+06,0,0,0,0
2030,0,8.4269e+06,0,0,0,0
2031,0,8.41521e+06,0,0,0,0
2032,0,8.40351e+06,0,0,0,0
2033,0,8.39182e+06,0,0,0,0
2034,0,8.38013e+06,0,0,0,0
2035,0,8.36844e+06,0,0,0,0
IMPE,E,P,GN,BIO,A,HOU
2015,1.07269e+08,0,0,0,0,0
2016,8.97657e+07,0,0,0,0,0
2017,8.63203e+07,0,0,0,0,0
2018,8.44619e+07,0,0,0,0,0
2019,8.31219e+07,0,0,0,0,0
2020,8.17939e+07,0,0,0,0,0
2021,8.04778e+07,0,0,0,0,0
2022,7.91736e+07,0,0,0,0,0
2023,7.80008e+07,0,0,0,0,0
2024,7.72632e+07,0,0,0,0,0
2025,7.67244e+07,0,0,0,0,0
2026,7.62063e+07,0,0,0,0,0
2027,7.5744e+07,0,0,0,0,0
2028,7.52748e+07,0,0,0,0,0
2029,7.47994e+07,0,0,0,0,0
2030,7.00656e+07,0,0,0,0,0
2031,7.01368e+07,0,0,0,0,0
2032,7.0208e+07,0,0,0,0,0
2033,7.02793e+07,0,0,0,0,0
2034,7.03505e+07,0,0,0,0,0
2035,7.04217e+07,0,0,0,0,0
IMPGN,E,P,GN,BIO,A,HOU
2015,0,0,3.99174e+07,0,0,0
2016,0,0,3.08968e+07,0,0,0
2017,0,0,2.8825e+07,0,0,0
2018,0,0,2.78974e+07,0,0,0
2019,0,0,2.73386e+07,0,0,0
2020,0,0,2.67859e+07,0,0,0
2021,0,0,2.62393e+07,0,0,0
2022,0,0,2.5699e+07,0,0,0
2023,0,0,2.52245e+07,0,0,0
2024,0,0,2.49217e+07,0,0,0
2025,0,0,2.47231e+07,0,0,0
2026,0,0,2.45402e+07,0,0,0
2027,0,0,2.44169e+07,0,0,0
2028,0,0,2.42909e+07,0,0,0
2029,0,0,2.41527e+07,0,0,0
2030,0,0,2.25982e+07,0,0,0
2031,0,0,2.263e+07,0,0,0
2032,0,0,2.26617e+07,0,0,0
2033,0,0,2.26934e+07,0,0,0
2034,0,0,2.27251e+07,0,0,0
2035,0,0,2.27569e+07,0,0,0
IMPBIO,E,P,GN,BIO,A,HOU
2015,0,0,0,2.29465e+07,0,0
2016,0,0,0,1.80645e+07,0,0
2017,0,0,0,1.78199e+07,0,0
2018,0,0,0,1.73584e+07,0,0
2019,0,0,0,1.69383e+07,0,0
2020,0,0,0,1.6524e+07,0,0
2021,0,0,0,1.61153e+07,0,0
2022,0,0,0,1.57124e+07,0,0
2023,0,0,0,1.5351e+07,0,0
2024,0,0,0,1.52148e+07,0,0
2025,0,0,0,1.50915e+07,0,0
2026,0,0,0,1.49632e+07,0,0
2027,0,0,0,1.48043e+07,0,0
2028,0,0,0,1.46455e+07,0,0
2029,0,0,0,1.45064e+07,0,0
2030,0,0,0,1.37942e+07,0,0
2031,0,0,0,1.3753e+07,0,0
2032,0,0,0,1.37117e+07,0,0
2033,0,0,0,1.36705e+07,0,0
2034,0,0,0,1.36292e+07,0,0
2035,0,0,0,1.3588e+07,0,0
IMPA,E,P,GN,BIO,A,HOU
2015,0,0,0,0,1.69474e+06,0
2016,0,0,0,0,1.53364e+06,0
2017,0,0,0,0,1.39448e+06,0
2018,0,0,0,0,1.35936e+06,0
2019,0,0,0,0,1.34555e+06,0
2020,0,0,0,0,1.33176e+06,0
2021,0,0,0,0,1.318e+06,0
2022,0,0,0,0,1.30426e+06,0
2023,0,0,0,0,1.29115e+06,0
2024,0,0,0,0,1.27677e+06,0
2025,0,0,0,0,1.26738e+06,0
2026,0,0,0,0,1.25884e+06,0
2027,0,0,0,0,1.25409e+06,0
2028,0,0,0,0,1.24917e+06,0
2029,0,0,0,0,1.24336e+06,0
2030,0,0,0,0,1.15367e+06,0
2031,0,0,0,0,1.15771e+06,0
2032,0,0,0,0,1.16176e+06,0
2033,0,0,0,0,1.16581e+06,0
2034,0,0,0,0,1.16986e+06,0
2035,0,0,0,0,1.17391e+06,0
